customer_id,country
337c166f,USA
d38a19bf,Singapore
d7f5f0b0,USA
395d4994,India
a83c145c,Germany
3fdcdae8,Canada
12772337,India
9f0194af,India
7a8559d8,Australia
8911f0d1,USA
98857e41,Singapore
3b857e65,UK
204fab33,Singapore
88159234,Canada
8c1f2f98,Singapore
a84d7206,India
4578c08e,Canada
ba3964fa,UK
78595586,Australia
195e0c14,India
7f6e9ab5,Germany
d33a1a62,Germany
427a8468,Singapore
97f18950,Australia
426308a5,Canada
57c601ea,Germany
a429364b,Germany
928bddf9,Singapore
0f32a6f6,Germany
d71af9e5,Australia
b0d1473b,Singapore
9b99bfb0,Australia
de4cdcdd,UK
5f57fbd4,UK
87f21131,Germany
f7d6dfab,Canada
ca363a04,Germany
68d24203,UK
0ae7336e,India
72343250,India
021adfb6,India
a9f47880,Canada
005258a0,Germany
5e088877,Germany
f2e7bcc0,Singapore
5a1d9851,Singapore
cc672bd7,Singapore
5c2f954d,UK
d5daed7a,Singapore
0b32dc6f,India
a151d3b5,Germany
e9fde811,Germany
932c893c,India
b98d8283,Singapore
4319ad38,Germany
0b204db3,Australia
eb65d1ca,India
2ce76c47,India
e186c635,UK
8e9eae19,UK
1100831a,Australia
64b48c94,Germany
88e9aac9,Australia
a87b658a,Germany
f92a5812,Australia
158e8085,USA
179ae4c5,UK
79aff6cb,India
4e082c18,Germany
3a475b95,India
57633cda,Germany
3f09b3c3,Singapore
12574fb0,India
6b92aea5,Germany
cf929cc7,UK
c73916c0,India
ddae0858,Singapore
616fca83,Australia
0ac5e876,USA
5d31e0f4,India
04cdb11d,Canada
e54b0416,Australia
0d9f9cc3,India
8c2e8d5f,UK
849f6eb8,Singapore
6964d7bb,Canada
f9941dc2,UK
aa8f723f,Singapore
0f78333d,Australia
94aa211f,Singapore
414b8fad,Canada
8f081976,Australia
41622516,Germany
0b3c2c9f,Singapore
b7f89b7e,Australia
458ce5f7,India
b9fabe54,Australia
2403105a,Australia
7a5f0316,India
e0424124,USA
b717743a,USA
82d284f0,USA
83732a37,India
d8e5dd07,USA
458c8213,India
b955c6ec,UK
1a4639c6,India
b3cb8c3c,Australia
3043e68e,UK
ffda329b,Canada
b2ab489e,UK
56c6e554,USA
03ec5d73,India
3f20311f,India
d5fb8686,Australia
a3df5dd4,Canada
8fa5b154,USA
f9b0b9bf,Germany
6b395741,Canada
367debf4,Australia
51dc4386,Canada
6b4ec06c,Australia
313b6efb,UK
c68d813a,Germany
3b327b6e,USA
bba6b57f,Singapore
98a9ccae,UK
021b5be9,Australia
2ea44e9d,Canada
ccab3064,USA
ab1add51,Australia
f979e9ea,USA
8f30f97d,Germany
b8e38e07,Australia
b1fe155c,USA
9daac50a,Canada
02f68644,Australia
ab51add8,Australia
173a7d55,Australia
c9939103,Canada
46b35e44,UK
1b4424dd,India
16b4c497,India
ebbfafc3,USA
f2c0a566,India
34dad111,UK
aa7bdfa3,Singapore
251c90d9,UK
598efd02,Germany
c5642517,Germany
5e8aed36,Canada
7be076d6,USA
41118f59,USA
2da125c1,UK
d6b94141,Singapore
823e9a88,India
7391f331,Singapore
6bdb1d9e,Germany
ab7273bc,India
839f23dc,Germany
42385946,USA
c7978493,Australia
b6df8c21,India
c112eed4,Australia
92e87211,Australia
a7a46866,Germany
a1adb0ae,India
f30003fb,Germany
73bfc396,UK
3e41585f,UK
599dbf81,India
7cb6d3eb,India
73a54189,India
13649191,Australia
fea0052e,USA
a0968a8d,Australia
cd1f4cd0,Canada
82f860f7,USA
51dacac1,Singapore
38a1e970,USA
d0d5e3b0,Germany
4ff8266f,Germany
faff6ffa,Canada
8c3265d7,UK
8a00dc54,Germany
3d0aec60,Australia
4f231045,Canada
72a44b20,Singapore
c34605d2,Singapore
f836adad,Germany
aec17f43,Germany
f1cbd9ed,Australia
7c8bf4b9,Singapore
a5cda6c8,Canada
c55dd505,India
f666dd75,Germany
c2eefc6e,UK
4b3752aa,UK
5984c518,Australia
ba0d460e,USA
e0f55269,Australia
7bdff67a,USA
10c31378,USA
e651377e,Canada
ba678df8,Canada
49a759a7,India
abb2fa33,India
a3b63775,Germany
1c816115,Canada
74ba5569,Australia
e0a14854,Singapore
171a2e71,Germany
c7cd48dd,India
b7380b04,Canada
d799d699,USA
d374b1f9,India
e8492835,India
3efbfc39,Singapore
b267883f,UK
978ce91d,Germany
4062921e,India
2fb9f48b,Singapore
aa744c61,Canada
121bdf3e,Canada
6894c5b0,UK
152a3010,Germany
cc1c878a,UK
02d317f1,India
4789f600,UK
f2e4ad50,USA
b721c64b,Singapore
30d3fca9,Canada
1e02db52,USA
ccdec6cd,Singapore
72baa45f,Singapore
f3498014,India
d4438986,Canada
b7ce73a5,USA
56c899ff,Australia
8d6c950e,UK
dcfc3adc,Canada
94ed2dce,Singapore
7341f194,USA
295a2e0b,USA
480b55c6,USA
4bd29822,Canada
11d1ef2a,India
c6952c07,Germany
171c325f,UK
ed799954,USA
4e3e6bab,Australia
29b1dbdf,Germany
11692893,Germany
6258f6d7,UK
ade66e84,Canada
7bad321f,UK
cf78ab9a,Singapore
a1573efd,Germany
8f87ab8c,Germany
3be9cded,Canada
c0895f76,UK
52d2c78c,India
b53aa320,Canada
fe747fa8,Australia
fab2b55b,Germany
4632f85b,Australia
c6781108,Australia
5bc7097b,Australia
e7dc9f25,Germany
f8fec828,UK
a0b8e39d,Singapore
81f9a928,Singapore
91da6560,Germany
26d5be1a,Canada
7bf93a72,Germany
32839723,UK
2c2500ea,India
39d11da5,Canada
70f75830,India
3066b9d4,Singapore
a35fe5e5,Canada
a3e73890,UK
e3c4830d,Australia
186f1145,Germany
a2dd035d,Australia
b2de1538,Australia
3b7c7e0d,Canada
cab404e5,Australia
c0b59a57,Australia
5a2835a0,UK
68376ad1,USA
e6b61602,UK
ed127a6a,Australia
cdce35a4,Canada
b7ce1000,USA
4eada12f,Singapore
72033276,USA
d3e271bc,Singapore
75f9ffb4,India
1ec3ff2a,Singapore
9977a28d,USA
b622561c,Australia
6f7f0073,Singapore
0593db79,Canada
6531579c,UK
6c54fef2,UK
b1a586a8,UK
ed87a707,Singapore
ae15cd88,UK
a87689fb,Germany
d2cafe90,Australia
43fbc7a3,UK
0a75e9da,Canada
1c74138b,India
f1733214,India
4c95d133,Germany
294af876,Singapore
249fb3ec,Canada
ab71021f,USA
2bca9bc1,Australia
4cc8d249,Australia
1171aed4,Singapore
20951b9c,India
c4eb27aa,Germany
122abbd7,Germany
bf16d78e,USA
23d9f470,Singapore
cc33391a,UK
f196dcc8,Australia
5c4cc9cd,Germany
6b76e9a1,India
d9028424,UK
d6e84fa8,Australia
3cce7ee7,Canada
2359eacf,India
cea71fcf,Australia
aeb09719,Singapore
afbfbe33,Australia
8ee04e56,UK
17ec5173,Canada
4277aa34,Australia
4a66b400,Germany
b849ee82,USA
d8adad87,Australia
e3181955,UK
b7b776d2,USA
6707ca3f,USA
3421e7ba,India
14a322ad,Singapore
c3a6ef65,Germany
58e5b2b1,UK
913acac1,Canada
d51c7bc1,Singapore
531b6e08,Australia
36e2ff8c,Singapore
c98a91eb,Germany
d30c4698,Singapore
29782162,India
fdb2b385,India
833e59d2,India
8f46fab4,India
f69c9130,Australia
c1edff29,Germany
741de2c1,India
c9c10b75,Canada
02428050,Singapore
cc0dfe20,India
32d535ae,UK
87bf4ca6,Canada
24af6c3e,India
1828fb43,Australia
65aaf4f4,Canada
faf193a9,Australia
c6a2892f,USA
4e432e36,Germany
29421930,USA
85227829,Singapore
fcf06f0b,Australia
df90d7c9,Singapore
3adf00f3,USA
27dd0710,USA
500dfa44,Canada
c41750b6,India
e6659f20,Canada
ea529ab7,Australia
83bef224,Singapore
f14cd9dc,Australia
97d33649,Australia
0be6c0bb,Australia
09ed6fb4,Canada
898f9c6d,Canada
116fecb8,Germany
594294be,Germany
ad1e2bd6,Germany
e45edb68,UK
39c35fd6,Canada
3d958865,USA
52ee67bc,Australia
00db7b85,Canada
d4336610,Singapore
18fa5e20,UK
c981b672,India
66ab38ee,USA
4f56d40d,Canada
0f8a805d,USA
7d67e3f1,India
ab9fa9a3,Germany
b428f6cc,UK
a03eaa0c,USA
6e2c9c02,USA
5767f51e,Singapore
08f509e7,USA
0c414eaf,Germany
f198455a,Australia
c7060813,USA
e235eaa8,Singapore
bc022fce,UK
c6a1341f,Germany
1738af2a,USA
5390cbdf,Singapore
371ace0c,India
187108d8,India
66f00c2d,India
376f737f,Australia
7679f01b,USA
0513a984,Australia
f4658b9f,India
9826f69a,UK
39b5a2a7,India
f720b9b7,India
771ce878,Australia
f1807b8c,Canada
c78d307b,USA
18571441,USA
4d7042f4,Singapore
52b9a923,Canada
f40a9b6d,India
0e01eaf1,UK
5b662387,Germany
c2b48c64,Germany
4ae01f60,Australia
3696bfd0,Singapore
b5603d04,India
1a80943e,USA
e14e962f,UK
2b3198dd,Australia
8c24815e,Singapore
e6ee5109,USA
a1aad5f0,Canada
51d656fb,Singapore
dc1a6629,UK
fcb88b64,Australia
0410a28c,Australia
b1851eeb,India
128c7985,India
da8e2fdc,Germany
48f6819e,Australia
13fcb9dd,Australia
db68c3eb,Germany
71466805,Australia
1e5bd791,Australia
7dd71ecb,India
3c8ad6d6,USA
e7267a38,USA
33f0e5f8,UK
9cb99a90,Singapore
a69f0bc8,Australia
b1ae1119,India
eb5ebf37,Australia
116383a9,USA
fe8a21d2,Australia
81b75cf4,Canada
b755ad6c,Canada
e3fa60e2,Singapore
74d77f27,India
a852ff82,USA
a5464600,India
ee300046,Germany
a49da7a4,Canada
2e541d01,USA
6c22afc7,Singapore
e4aa32a0,Australia
09ca67b7,UK
1672d24e,Canada
a4b13791,USA
a8343047,Germany
16424ec7,UK
ec4f4397,Canada
7c959ad5,Canada
9cf50531,Singapore
3aec426f,USA
1e6e48c2,India
9328a910,Singapore
ecbb43d3,Germany
a577d4b8,India
317bca3f,UK
2efb6b7f,Germany
ed1ebaa0,Australia
eb1911f4,UK
260c8ec5,UK
a8fc85ce,UK
fb8277c8,Germany
afacdc15,Singapore
06539e8b,Australia
f6e5828e,UK
7da79df6,Australia
29db5c37,Australia
c8e51376,Canada
403ab1e9,Australia
a458dc49,Australia
aca0dcaf,Canada
a31224b8,UK
695fccc3,Germany
501b16d8,India
7d7f6ad1,Canada
c814cdcc,USA
c6b46864,USA
5a627202,Canada
63fef598,Germany
00d8ac27,USA
0b4f24e1,USA
59dce1d0,Australia
d60ab6ad,Germany
d9a0217a,Germany
4720abd8,India
c0e9ac8d,India
a9fa4694,Singapore
c19814f1,Germany
e7e2b27c,India
f3b73afc,Singapore
8a3d2683,Canada
fdc23ea4,Australia
753861d7,USA
fe1668db,UK
26dd0325,USA
abdb1e26,UK
86dbac6e,India
942598dd,Singapore
aa467976,USA
c731ecdc,UK
9798d65d,Singapore
cfc35694,Singapore
ae08fdb3,UK
9e064b40,Germany
4f2da9a6,India
19769f0e,Australia
40fcae03,USA
afc39278,India
24315376,Canada
968fb1ae,Germany
7c9152e1,Singapore
1bc7e890,India
5f605f60,USA
ad562a2f,Singapore
52a481f3,Canada
95f589a9,USA
f5e44697,USA
1d146f4a,India
e4c02adc,India
5cf1d75f,Canada
0353de5b,Germany
399a95fc,Canada
c5481eba,Canada
007d82ed,USA
ee84c4d8,Germany
f3431ec8,Germany
5b67f35f,UK
bec3ba15,Canada
b3b50a4f,Canada
7a1822f3,Singapore
19250ed7,Australia
6f5fd5f2,Australia
82036553,Canada
557f87a5,Germany
1b3596a1,Singapore
7f9c9f2c,UK
4fd21482,Germany
e8613d9e,India
2753195e,UK
4aefa8a6,Canada
d9b16d55,UK
6908d999,USA
4be691f6,India
13d4dd27,Australia
155fe399,Germany
8ebce110,India
257af577,Singapore
57dcfe4f,Singapore
8c2e9d07,Germany
b1466009,UK
449c33f0,USA
48091eea,Canada
b857395f,USA
cd23f9b3,USA
50483cad,Singapore
2a238fbc,Canada
dc5e478b,Singapore
b24bd3b7,Singapore
26503871,Germany
065012c5,India
d312906a,Singapore
5136adde,Canada
d0e8803c,Canada
1962082e,Canada
b753077b,Germany
8ce64055,India
101938a5,USA
292307da,USA
b805a15f,USA
fbef474d,India
dcaca6db,Canada
7a7d8d61,USA
34e04e99,USA
b2eb65f3,Singapore
861f12bb,UK
f1c5f192,Canada
de8c7e00,Germany
79b8569c,Australia
a5ed8855,India
c2f278b8,Canada
f9e89622,India
c9aee337,Germany
eb72f968,UK
6e91de44,Germany
f581d1f7,Canada
a9f8e515,Canada
bb542976,Australia
028809d1,Australia
8b660196,Australia
5516b600,Australia
77c9aa5b,USA
d1dd56ce,Singapore
8b67d82f,India
55ade9bd,UK
70536778,Germany
98cb1265,Canada
db0be3ef,India
b4fffe29,Germany
9f8bb54c,Canada
03aa0d65,UK
2589f4a9,Canada
dbea38e1,Canada
f6207bb8,Australia
20603af4,Canada
222d2020,UK
1f5cc3ae,India
86b387f6,Singapore
7b339542,UK
b1b2edb7,Canada
c6d36874,Canada
fb1b3d3f,UK
a3ffda9b,Canada
e47fbc15,USA
48d6fb7f,USA
c9aec1e2,USA
52a3c1ff,Singapore
3937299c,Germany
d8d9cf8b,Germany
8d992fcd,Australia
eccbc70c,Germany
e1e7e360,UK
af47fc4e,India
03eadaf0,UK
a61e1a8f,Singapore
9c7914f5,Germany
e452c507,Canada
b90a8b2c,UK
acba07dd,Germany
dbf58ab7,USA
83976e33,Australia
7ab838a2,Canada
ac98d8ba,Germany
d7c5fdbb,Germany
1a6c5c08,Canada
d817723a,Canada
88c35a80,Canada
e6e322f8,India
d0138d14,Germany
9ea9ff00,Australia
e733dc52,UK
d7329afe,Germany
c0811288,Germany
7c5e50fe,Germany
29b3c37a,Australia
f8d08b85,UK
36848d01,India
b96be743,UK
9f5fd63c,India
812fe840,Canada
d42bcbcb,USA
52516742,UK
27e9dd51,USA
5e956744,Germany
8a35a896,Canada
3c499277,Canada
799f099f,Germany
9aec0029,Australia
45ae61a8,UK
7ced0b56,India
47a50dbd,UK
01c083f3,India
e077268b,Singapore
470c391e,Australia
451cdc5b,Germany
a48689fb,Australia
8f4a3a26,Australia
3f62d926,Canada
f7cd3439,Australia
1699a74b,Australia
784fd769,Germany
a6c5b4a7,India
8e379422,USA
7fc7c936,Germany
1c98d9cb,Australia
4e6186ba,UK
2e1fecb3,India
96af0aa4,India
99caeb2a,Singapore
48d36506,India
577a37c4,Singapore
bba4c3f8,UK
8814e19d,Canada
e08353ad,Singapore
6e583aa2,Germany
cd315692,UK
f01ebb7e,India
db220edd,Singapore
d4184040,USA
60b3a0d1,UK
077651c7,UK
7ce9d2ad,Australia
b9fba9b9,Singapore
82dd0dcb,India
ac83afcb,UK
20838914,UK
2d4ac994,Germany
b4f1a440,Germany
50d80b4e,Germany
ca8ce9be,Canada
2ce28bf9,India
2d6ba8ae,Canada
e4637540,UK
40d1379a,UK
23921511,USA
c1022ceb,Germany
dfa876d1,Singapore
268cf1de,Canada
cf9beee8,Germany
ac0a5a11,India
9e6874ab,USA
68dfdbfb,Germany
f747c9ed,UK
c640c4ac,Singapore
e5a5e18d,India
6839399d,Germany
4e4016fc,India
1117a729,Germany
3c3c8f20,Canada
e207d13a,Australia
77809d5c,USA
3b12089e,Canada
22b16d50,Singapore
fdadd527,Singapore
31c5ddc8,Canada
46ce5341,UK
8db52810,Canada
b370acb7,UK
25a0d325,USA
b505dce0,UK
ffb59cb8,Singapore
125e7014,Canada
3bb0a7a9,India
060cf692,Singapore
00812bf1,Singapore
bebeda1a,USA
661c6fad,UK
c7fbbb37,USA
22d2eefa,USA
9d02cd04,India
315b7094,UK
efaf3f1e,Canada
14a4d873,UK
c44db413,India
288cd987,Australia
82db2175,UK
038db720,Germany
c502b838,India
c0f8e7f5,Germany
aa91713c,Singapore
b914b76f,Germany
48cd8d57,Australia
495bd9f4,Canada
f33c5a33,Germany
b17a752f,India
e54968ff,Singapore
cdeb4b21,Canada
0a89bdec,UK
c729f44a,India
b74485f8,Australia
a687c77e,Canada
0c36392d,Germany
c4486290,India
4fdb0ac1,USA
81c869a4,Germany
d0d5cc3f,Australia
543db6cb,UK
45f3661b,Germany
a495b1c7,USA
514c5365,Germany
e0d4ca51,Australia
927e4946,UK
b153ddb0,Canada
6e218819,UK
90c1895c,UK
dd8674d1,Singapore
5930f5c1,Germany
6fc35e9b,UK
41ea1235,Singapore
932cdbdb,Australia
e1310511,India
574e5f84,UK
7fb26e2e,Canada
a03903f5,UK
8c8a9c64,USA
257a8ce9,USA
2fb02560,Canada
de1d3a1e,Australia
3b240cf4,India
55f14e41,Australia
99e8f646,India
1d2c993f,Singapore
8487fbc7,USA
793fa422,Canada
d4104c7b,USA
8b100551,UK
c292a2d7,Australia
129e1ecd,Canada
83ec11b2,Australia
f94d89b9,Germany
6ac71d68,Germany
a6c1a28f,UK
03632dc7,Canada
180900bc,Germany
473dac31,USA
e878819f,Australia
247db661,India
8a55e87c,Germany
bc1ed9fe,Australia
925cb565,Singapore
54f1cc93,Canada
8051cd77,UK
8a161e0a,UK
ae7b7c68,India
f648e9e7,Australia
f508691b,Canada
30eccf94,India
616c7917,Singapore
cfe50543,UK
fd4c3384,UK
3b05ed95,Germany
afc46410,Canada
d8e74ba4,UK
aaab560b,Australia
117c47ed,Singapore
7c62af29,Australia
c6bd342a,Germany
fc5078d2,UK
3f4a4d51,Australia
fdf2e60c,UK
7d0b041c,UK
0b37db24,USA
99f7c009,Singapore
2c3663ad,Singapore
0639e3bd,Singapore
9488464d,UK
f1cc2d2c,UK
fd0e68a4,USA
f25a81cc,Germany
3a2348ca,UK
345947ca,Australia
df026444,Australia
2e20a6a6,UK
8e00f191,India
451f1008,Germany
b32cee07,Germany
fda2a523,Singapore
0d06b10b,Germany
34cb1abe,Germany
7be14799,Canada
45ea58e2,Germany
89bb6db8,India
6a796b7c,Australia
aa6c6d33,UK
3eb4bfdf,Canada
d6e39245,USA
d95237bb,USA
d2e8696a,USA
bc5c85a5,Singapore
18611bb6,Germany
c70d89cf,Germany
e5c11c0b,India
69467b7d,Singapore
028173ef,UK
8bb4ff21,Germany
e8a90aab,UK
8db7dbb7,Germany
226d02cd,Australia
ff94d6ab,India
d20005d8,India
7594c248,Singapore
977da8a4,USA
1fd91234,Australia
d7118880,Australia
9c5742f5,Singapore
d5a74f3f,Singapore
a3185b29,Canada
64272d22,Germany
b3659e63,UK
c3030da8,UK
8dc4583b,Singapore
d895edc8,India
5203df6d,Canada
d4c421dd,UK
f7ad61b4,Germany
361a60b8,Canada
1624e787,Germany
9f887c1b,USA
3dd55fd2,USA
5430451c,Canada
9fd0f47d,Australia
19dbc60e,USA
e87be34e,Germany
f1dc18ef,India
d763b012,USA
0645a3b4,Singapore
380397f3,Australia
a91f12d4,Australia
5a02a69f,India
d6f46477,USA
4a370dca,USA
4e3b823e,UK
8e6f1de2,Singapore
bcb50e14,Australia
d41d809e,Canada
7b1d4411,Singapore
cf64defc,USA
03560326,Germany
fc81d481,Canada
646238e1,USA
7281a498,Germany
4ec6ded9,Germany
a91d9f56,Germany
eaca4fa0,Australia
aafd3769,India
c01d4d47,India
4d2cd201,Germany
20556324,UK
89166e96,Australia
4458ab6a,Australia
b6b38943,USA
9a3a5585,India
295576f0,USA
61f64557,USA
7a87f292,India
8ddb0e80,USA
dc0f7097,Australia
03f1774a,Germany
1943f27c,UK
dd9f4e5f,India
882bc61d,Germany
3c669dc7,India
a998be79,Canada
92a11c79,Canada
06451796,Canada
a94110ca,Singapore
2ba824ee,USA
bac1284d,UK
54b16993,Australia
192edd4e,Australia
99781be9,Singapore
9a9a07f5,UK
abb37032,USA
00e75d81,USA
8355f413,USA
a5bd8e47,Australia
d7a17cb0,Singapore
da787021,Singapore
95cda985,India
51fe1422,India
e2d534fc,Singapore
f783772f,Australia
128b6828,Australia
284c8015,Germany
cca2b172,Singapore
f0241946,Singapore
7abecd58,UK
658e0882,India
6d8a2a99,Germany
8f7a0b5d,UK
6369a7c3,UK
e71626bf,Singapore
9318bcd2,Singapore
d9c4fc09,Singapore
00209791,Australia
94ac8476,UK
b7618bd0,Australia
d9b8e81b,Canada
905c8be8,India
31761a11,Germany
359b71d4,Germany
bfd771e4,Australia
b9168cc4,UK
d45a9dbe,Germany
a12946ef,Singapore
39963ecc,UK
3d8cd018,Australia
db704f77,Canada
723714c2,UK
4ec2b2be,Canada
36e6f67c,Australia
008384ad,Singapore
490111ac,India
0c1fae8d,India
1c34cc19,UK
6b305d69,Canada
6af4e7e9,UK
42fe34af,Germany
fe4d03cd,Canada
f4518d7a,Australia
447148db,USA
2d574c24,UK
68073337,Singapore
86cbee34,Australia
527b9c2d,Australia
3e3b26e1,Canada
ee2a2250,Singapore
0ef29560,Germany
f9e39387,USA
df9db226,USA
d71147c9,UK
541f1998,Germany
5f245ccc,Singapore
376509b0,Germany
ca0054f1,USA
77b6f008,Singapore
bd42adcc,UK
cf924ab8,Germany
ad923bb1,India
63b7cb47,UK
5e31c73f,Germany
b5dbe555,Germany
88f26a4e,Germany
320a04c7,Australia
f85b8d3c,Canada
50540d6b,Canada
c84cf1d8,Australia
4c71ecf8,Australia
8dba0d32,Germany
3855d9fa,Singapore
cb21c984,Singapore
d8b248a8,Germany
2fcadb6b,Singapore
dabe2577,UK
6a77d021,Australia
722ed6bd,Canada
4769336c,Germany
d20bbc2b,India
0580edce,Australia
6cec43d0,USA
b7936ac3,Australia
1fb7f40c,UK
19649d6c,Germany
191c2795,Canada
223e1e33,India
c1acaead,Canada
82041756,UK
8963cb6f,Australia
bcc25218,India
3b71545e,Canada
fb73ed45,Singapore
329b7c97,Germany
559fa173,UK
a1268df3,Canada
ddeec1fb,Canada
883b954f,USA
3958d313,Singapore
eeac60e5,India
c04b4143,USA
81704388,Australia
95912e32,USA
d290f1f8,Germany
ed543573,USA
62c9beef,Germany
9a9e2f5b,Singapore
f602c02d,UK
4851e157,India
2063936e,Germany
4852a573,Canada
33be8310,Australia
35313885,Singapore
a614a195,Germany
abff895f,UK
abc32e14,Australia
de85b962,USA
f4d21e00,Australia
6c851471,India
fc14a4b2,UK
0ffb9389,Germany
0c9235c1,Australia
20a19ba6,USA
937d9e65,UK
5842f35e,India
b2d5adaa,India
2b33b2b6,Germany
771a9563,USA
7580c1b1,Australia
8b885340,India
51363656,India
2421a3f6,India
14f20acd,USA
b9cfaba1,India
ec6cf96c,USA
7c07bb17,UK
e70186b8,India
fd015934,Canada
c27ce717,India
8f7fbe97,Germany
317a7a6a,Australia
fe2ddc82,UK
095bcc91,Singapore
85d8fdfd,Germany
912a636b,Germany
75d6b929,USA
2cc7ae37,India
ceb520d0,Germany
d420adeb,Canada
158df4de,Singapore
ebf19184,USA
ec38f4fa,Singapore
f8a02dac,India
53b0ac5a,USA
20eef2f5,Singapore
094b4804,Singapore
b871eb1f,Singapore
6565f641,India
28eb571c,Canada
8ef41c4f,Singapore
8c990553,Australia
a1099e85,Canada
bdb0edfe,Australia
d8970dd2,Singapore
0e09bb42,USA
f893da7a,UK
744e3383,Singapore
f4d0aa67,India
7cbe212a,India
ac02118a,Germany
f878e329,Australia
ebd4488c,Canada
635d1b34,Canada
e06e1b01,UK
7d7169a4,Canada
f53931c3,Germany
d833241e,Singapore
26525a44,USA
5efa07f9,India
84531d15,Canada
73c7af6b,UK
4d5cef27,Canada
bc30caa0,Singapore
e2f51045,Australia
2fdaa4b7,India
ec750276,India
b52a9a86,UK
d5fba1fa,UK
33c35bb2,UK
4f782125,UK
815bb3e2,Canada
7c123e25,Germany
c4710669,Germany
b486bdc0,Canada
418f40d0,UK
a9291a98,Australia
c6e9c8a6,Germany
3d31754b,Canada
0c74e0f0,Canada
cf29466e,Australia
2697b3d8,USA
3f298345,India
9a3d7a70,India
df980ec1,Singapore
fbf3b6d9,Canada
6b5e77c8,Australia
91ed529f,Singapore
60560203,Australia
e426ec00,USA
8a8e4d60,India
aab9ddbb,Singapore
c4d760c3,India
d930502c,India
ef9c5215,USA
9c5e398c,Singapore
6ab927cc,India
789a89e9,Australia
8e1f81cd,Germany
e8e91d15,Germany
4401eb85,USA
23b8db27,USA
d279b7f1,India
88984c72,UK
718a642f,India
4bb60db5,USA
ce7d898b,Germany
4f99b5dc,Canada
07fd6558,Canada
0b385dfa,India
b0de127f,USA
56b9b6e6,Australia
e3f9922a,Canada
925202a4,Germany
2081a750,Australia
c7114204,Australia
6d3d14a8,USA
e3a22f45,Singapore
afd642ef,Australia
160a70d8,USA
7a8fb819,Germany
e831f6b4,Germany
24d2a786,UK
fdcc0170,India
faed997b,India
f1327a62,India
2c190d8c,Singapore
4b6d41b3,Australia
9a1fa943,Australia
bfa5ca2e,Canada
85bd7667,USA
2c58e6ef,UK
709f2edd,USA
f01b43f7,USA
f42d759a,Australia
b1e17021,Australia
2ff6e11d,Australia
a6f6238c,Germany
ca624bb4,India
6c8dad52,USA
44cf89f5,Germany
7ea8278d,UK
078fcf7a,Canada
76559d30,Singapore
9cf2ef37,Australia
540687b1,UK
4c258f55,Germany
219cee6a,USA
c15ed68c,India
6304ddb4,India
a742a6a5,USA
e0b80ab2,Australia
48655454,India
958d0fcb,Canada
637d8a7f,USA
22fef1b5,Germany
9046c46f,Canada
2e348747,UK
2f2a8b7a,Germany
0021e458,USA
28bc186c,USA
94cce708,UK
47dfa10f,Germany
f227caa1,Singapore
5ccab37f,Canada
f1d4d1d3,UK
259e5ade,Australia
e2356d8b,Singapore
7f742f53,Singapore
b7529b08,Australia
a38bba13,Germany
0dc89ab7,Germany
d3af2e02,Singapore
664ecafc,Canada
32b21e58,Singapore
3379f7d2,Germany
7cbec78e,UK
9a0612a5,Canada
ada22b55,USA
d0086a7f,UK
27b48e7c,India
afbdd29f,Singapore
73a324ba,UK
67567200,USA
2ed9c959,Germany
bc43c77d,USA
e4d80260,Australia
ca73e3ea,Canada
5c93bd47,USA
1d5adb9d,Germany
751f40ec,UK
7d4bb47e,India
90b0754f,Canada
ad0012f9,Germany
17a03a8e,Canada
348b4f2e,Australia
3d7f7e1e,Canada
edb89577,Singapore
fd1013cd,Canada
2a21b2f5,UK
e734cf71,USA
c5bc43a2,India
7f3ef01a,Singapore
d09b44d1,UK
25804b99,Canada
8b449287,Australia
06c442e0,Germany
741e480b,Canada
c4a4411c,Germany
b2423a79,India
59ace126,UK
5d2e84b4,Australia
6328bc7c,Australia
b4eb8cc7,Australia
6e95832f,Germany
f627d9d5,Australia
b644e0d1,UK
f9cd4168,India
72c3e855,USA
abd487a4,India
91bacb2f,USA
75272f5f,Germany
9e0fea41,India
e4818739,Canada
6ddf61d1,Canada
d0936e56,UK
ec022a3c,India
be485d54,USA
87c33171,UK
a374a7c5,Australia
f54726e0,USA
6e142ba6,USA
161325fd,UK
051133f8,Australia
d80ab524,Australia
842b3cac,India
78f9cc53,Australia
295b35ad,Canada
c5226913,Canada
346f2c53,Singapore
468925cf,Singapore
09ea71de,UK
99b59827,India
2a641c9d,Australia
4d08b875,UK
ad772c5a,Germany
28223fc3,India
54274aa6,Australia
ca58b84f,Germany
bb351881,Canada
6dbd0f95,USA
29af7e68,Germany
f85ad600,USA
f49fc9d3,India
b28f143f,Canada
6184077e,Australia
ac202a1f,Canada
01153d2e,Singapore
71205bd1,Canada
23e8e15d,Australia
3ffa9cc6,India
afbc0f86,USA
5fa7759a,Canada
5d67c05b,Canada
d0032e78,Canada
465c254b,India
45f92c91,USA
805c0b7d,Germany
515fe1e7,Germany
ce69481e,Germany
41889d65,UK
3b85b7a7,Germany
4c8e1f57,USA
cb429a91,India
33b289dd,Singapore
997c274b,Canada
8abeed6e,Germany
7210a0d9,Germany
5f0349f1,Singapore
bbb253a1,Canada
22dccae1,Canada
effad494,USA
900e8f32,Canada
b38271c7,India
e1b810f9,Canada
96bf93b2,Australia
efb78e51,Australia
4b510e17,UK
b5cfa655,Australia
68412b52,Canada
146e7249,USA
a3880ba0,India
884075e5,Germany
2e31f938,India
48cf349d,Australia
c6a0ee2a,Germany
618b72c3,USA
0041710c,USA
5aa04d8b,Australia
1a29d6ef,USA
e44a3f1b,Singapore
b13d6803,Canada
efd66d9f,USA
635f84d0,UK
76b1b3ab,Australia
29f39439,UK
420ef393,Australia
0eae163d,India
f9ff1a48,USA
4c3cdcb6,Canada
1cbd0192,UK
86ee4f1e,Australia
2736921c,India
24615a11,USA
6a2e43c7,Singapore
e8f282f4,Germany
084d1679,USA
851ee140,Canada
f519fe50,Australia
3ca822ba,Australia
56cc761e,Canada
3c8bd82b,Singapore
a7cae661,Canada
e0cfaad0,India
cd442b59,Canada
c66e0a5f,Singapore
65fc7b42,Australia
b4391d08,Germany
c250ce58,Australia
05619162,Singapore
8e9b857f,Germany
2f2e35cd,India
e9786a6d,India
22ce90f0,Canada
758b36b9,Singapore
b77c1e26,Germany
fa0755c1,Germany
dcf4a9c1,Canada
a453276f,Germany
fb93fc53,UK
be4d0858,Germany
44898eb5,India
f3bd0c9c,Australia
a3609e3a,India
e2a4a7db,India
8971789f,Canada
68f22075,USA
ed4b302d,Germany
6de2894e,Singapore
723b2af2,Germany
2c36db95,Germany
194aa278,USA
3575e317,UK
787738ba,India
104bedf9,Australia
7d92827a,India
22d18844,Australia
2f96ad99,Singapore
63536a72,Canada
751c5619,Singapore
b07dfbd1,UK
f7126ee5,USA
0bade6a5,Germany
9b48b7a6,UK
0df32f0e,Singapore
fa628d2b,Singapore
ed518f41,Australia
ddcb54d3,UK
3c71e319,India
95517d12,UK
1886386b,UK
00333c7a,Germany
1ddc65f3,Canada
a2cffcc6,UK
f3e197f3,USA
6bd8fa3a,Canada
1a2e9e50,Singapore
9e55c4c9,Germany
ee2735fb,India
4c20ca93,Germany
f06f2d9e,USA
93ff499d,Singapore
464108ea,USA
1ec05b76,USA
775596cf,UK
771b6628,UK
d6e6e405,USA
0b010741,Germany
8566ac6e,Germany
fdc30694,USA
84ad9f2a,USA
56949334,Germany
15eb948c,USA
e8e7e07b,Singapore
02fb8772,India
a7e884cf,India
a55c61e9,USA
82e33f7e,USA
5a9a1268,Germany
4e1df27e,Australia
72f4df65,USA
04ef2f48,Canada
ae1b0a5d,UK
eabb8e22,India
ca48ec71,Australia
be753111,USA
4afdef19,UK
02dde509,Germany
c1b4c7e7,India
f8578999,India
4432a8ba,Singapore
ca6f4f5a,India
5b8004ef,India
6c1cdb51,Germany
9e52ea4b,Australia
7319919d,Germany
9db42c1b,USA
dd556e28,Canada
a140c968,UK
e8db0cc2,UK
38007c77,Germany
c75e521c,UK
8c8f2810,USA
6f386cf8,Singapore
11c8bf8b,Canada
c6619369,India
687a8ef9,Germany
add87525,Canada
480be977,Singapore
52b0c046,Canada
17935504,Australia
6bfea417,Singapore
25f8c79a,Australia
2f07538e,UK
ef989073,Canada
746e7b01,India
e597f5d5,Canada
a65c3d6a,Singapore
37610673,UK
89c70f36,Canada
53ac6649,UK
dd3d04ab,India
415b6195,India
a99176d1,UK
9fe834ec,Germany
cd11f9ff,India
a8e5730c,Canada
957b2713,Singapore
3fb7980a,Singapore
8fa5d77d,Singapore
7de5db7c,USA
01d6ef4f,Australia
61b0a56f,USA
d81b895d,India
4176fef0,Canada
a669be47,Canada
fc38d815,UK
526f0441,India
192f4b21,Germany
6f0b1b90,Canada
13c26270,Canada
21e0291a,Australia
7c026f97,UK
2cac4c48,Canada
04549848,Australia
486bec14,Australia
2c5dc3ec,Germany
104cbed3,India
f2958613,UK
3ddad16f,UK
b3801e1b,Canada
caf9113b,Germany
9795e31b,India
32196cbd,UK
c9e6f7ce,Australia
858696b6,UK
7b0c5a76,India
6266c8eb,Singapore
32001e61,USA
69436d0b,Singapore
560370a9,India
3d46ebd4,Australia
3f68ed08,India
878d3714,Singapore
69ca6114,Australia
bb9c024b,USA
99776807,UK
312114bd,India
21bb3317,USA
9e6fdcc2,Australia
c5a98dc4,Germany
c8d53642,USA
92770171,India
731fda80,Germany
e8ac7f4d,UK
96aad22f,USA
b17f30e1,India
a51af881,India
d7517ae4,Germany
360ae88b,Singapore
40d718b5,USA
932c8bf3,USA
998e790d,Australia
4d056465,USA
316d6899,Germany
ff119d8e,Australia
05b592f1,India
d17ea8e2,Germany
8033eca7,Canada
8d3641c7,UK
64b8eba5,Singapore
ff482f56,Germany
91a63275,India
551a42ec,Australia
ac582370,UK
c5a6ecbd,Germany
b85d890a,Australia
4f915eae,Singapore
0a017e5a,USA
e86cf289,UK
dc5953be,USA
36cd4e86,USA
f007a18c,Australia
fa0641b0,Germany
4c8025bd,Germany
ff985431,UK
348cf1e9,Germany
1c4f3915,Canada
1b0d38af,UK
d627f474,Australia
6b1202f1,Australia
d1574c62,Germany
0a3a6c62,USA
952255c3,Canada
194fe55b,USA
519d967d,India
f1f41f6b,Canada
1b4d6975,Australia
c7be3edf,Singapore
71b9e86e,Australia
dd2c6eea,Australia
ef63128f,UK
1e8db66c,Germany
a95a20a0,Australia
5a406d56,India
c22bfd43,Australia
0f083239,UK
79fe00c9,Canada
3f26e7ae,Singapore
6b52b5c2,India
b4731c18,Canada
28b4e804,Canada
6db9b785,UK
3980a7d0,Canada
a97b9cc2,Germany
b11b4773,Germany
d32ae048,UK
48868729,UK
b1c9cd33,India
0110e242,UK
1f77f62c,India
0ad19220,Singapore
1aad3236,UK
fa33e600,Canada
4ea11ef1,Singapore
54b284dd,India
caba820c,Germany
4086f63d,Singapore
7d57d3b7,Canada
d285d9d3,Australia
804674ae,USA
6142601c,Singapore
2af6136c,USA
460c3e00,Singapore
608c2f04,India
ef8a9fed,Australia
8703e247,Singapore
9d8bead6,Germany
68709475,USA
c222c42b,Singapore
57435261,Canada
fa900887,Germany
4658f0ae,Germany
d9b27cae,UK
23b03fac,Australia
b97ada3e,India
4d481030,USA
fca884d2,Canada
d5762773,Singapore
4d2c701a,USA
9d75a469,India
b848073a,Canada
83ca1c02,Australia
3bb68633,Australia
6c24cb73,Germany
888f0c0c,Canada
e38b857a,India
f88d9ff6,Canada
044aec61,Germany
8f328c6a,Singapore
088e7c77,Singapore
bc9e7036,Australia
9c15f01a,Australia
ec2e8c2b,India
7a0ac843,Australia
d90a3d96,Australia
e03f2fdc,Germany
21946755,Germany
82df795e,Singapore
5dee981a,India
3e68b451,Singapore
e03911fb,Australia
aacab2f6,UK
041ccaac,Singapore
c8c57043,USA
bbcfa0fc,USA
4e5efb67,Germany
04b3b0ae,Germany
c18db35e,Singapore
e021ffd9,India
5f605a18,UK
5f7fa070,Australia
d995d10a,Singapore
dd88caa9,Germany
931db1ae,India
d609c578,Canada
5f28d20d,Germany
9ab109a6,India
72d22971,Canada
0bfeb002,USA
eb8345db,USA
cb22dc9d,Australia
8e766f32,UK
2db259c4,USA
33af27e1,Germany
6f731519,Australia
9e0d98a7,India
3a3e2372,Canada
87347c2e,Singapore
2e19e8b7,Singapore
5ed3f96c,USA
43dd49d4,Germany
5e6c1d1c,USA
1b4ce378,Germany
5a5e5be2,UK
ee51a889,Germany
3b6187d3,USA
2d95c0e0,Australia
e6296714,USA
84e5815f,USA
f3cc28a1,Germany
74a79c20,India
4e2147a2,USA
fdbb057a,India
4884a43e,UK
a3636616,Germany
d8332547,Germany
5ad47c7e,Canada
9983f3fd,Singapore
89368ede,Canada
7fb18eb2,India
a8fc7be9,Canada
bdd7eca6,Singapore
2e35be56,Germany
a3de9f0e,Canada
31b3a467,USA
73e3bfdd,Australia
29aa9b2f,Australia
ba0825d1,UK
6885f20e,Canada
a4ae5a91,USA
ab62ed9e,USA
c018f6d8,Singapore
4515f435,Canada
d45acca2,Germany
5aa5b49a,UK
5f938952,Canada
aa265452,Germany
a12bcc72,UK
f444bdd4,UK
d1192abc,Canada
ac07a758,Germany
a5f68cb7,Singapore
dc0c9f8d,UK
e3c0569a,Australia
7cdc9e1a,India
dbcb14fc,Canada
dd08c8a2,Australia
ac61f504,Singapore
2dbdb640,Canada
fc5376e9,Australia
e8aaaa1f,Germany
43f041a9,India
af40803c,Australia
cc22e521,Canada
93b27ac2,India
6d749b0d,Australia
db854f27,Germany
e5ce3b3c,Canada
5afb864f,Germany
c246cba9,Canada
8daa1ef8,India
b423a542,USA
c3a12e7a,Canada
9114180a,Canada
3ccd93cb,Australia
e9541774,USA
0e01ba85,India
dfb1c808,Singapore
3d9773a1,Singapore
f3372a06,Australia
4356aab2,Australia
03fd5c2d,USA
94f5f92a,India
becaf4c3,Australia
db686a27,India
d0787b1a,Germany
0d8c2f9b,USA
9ddc1221,India
b2412a5a,Germany
9807ab52,Germany
5679d9a7,Germany
aa3a7b58,UK
e26fb2b1,India
c48e044f,Canada
4e3dd393,India
aaab97bb,USA
932de343,Singapore
df564d61,India
d6b7aa1d,India
65cfd186,Germany
93350e79,Canada
ad920469,Canada
5840fb85,USA
0ce757f0,India
3c7fc849,Australia
56e37721,India
a81c78ef,USA
d72ba85d,India
41675c87,Germany
5e539ac8,Singapore
523cceca,Canada
b110fa93,Germany
81ce1f35,Singapore
04bcfff8,India
ff9c4ba6,Canada
7050349e,Germany
c53448d0,Singapore
b9693289,Australia
03563bc9,USA
7152cc07,Canada
87cd766d,India
0e64bfe5,UK
7e725db9,Germany
eb01d335,Germany
3a564d70,USA
36f7dbc7,Canada
72ec970d,Canada
b8325c50,Singapore
d73be10e,Canada
e36f2bb0,USA
877a2ffb,Australia
6b65ac71,India
3df3017f,Australia
de21a529,UK
4d1703a4,UK
ed900f52,Germany
ecbf0669,Germany
d87a2060,Australia
47f1f74b,Canada
c5772653,Canada
edc1d507,Canada
ebded5a7,USA
a1279ac2,Canada
363fe23b,Canada
d1f2a5ba,UK
34c8ee63,Canada
8633d8a2,Germany
54b00d9c,Canada
0418a2c1,UK
cb6dff71,Germany
3fff6cb5,Australia
cb0b0a9f,Canada
9153c543,UK
b17a50cf,UK
e8c697cd,Canada
10ed87b2,Canada
70e58e3b,India
770d352f,India
d689fa61,UK
a6d9af95,India
ee1350fc,India
77de2b1d,Australia
d06eda6c,Germany
eb93c677,Australia
6b58c722,India
d4315620,UK
7691b7c9,USA
1e119afc,Australia
592685a3,India
6e2d666a,Germany
97d651f2,USA
e05135b9,Canada
25a1921e,UK
835ca3bf,UK
833c791a,Australia
a105f661,UK
bcc6717f,Australia
52afc672,Germany
24f2c911,India
1b0c9fd0,Australia
6b7e7043,Singapore
82866e0c,Australia
a4f4d94f,India
9179113d,Singapore
c8d1da59,UK
90062c17,Australia
725b0c84,India
cafca141,Singapore
2ad90cf7,Germany
2dbcadea,Canada
e37338ed,Australia
fb17e261,Germany
e953a168,Australia
6f22d0f4,UK
1d360f7f,India
18a5f861,USA
1a6daf28,UK
d6a3d49e,Canada
fde7243f,Singapore
96221d7c,Singapore
f9632dc2,Singapore
70152275,Singapore
4e5b9aa9,Canada
4c326c0f,Singapore
5bad336b,Canada
c87cdd9d,UK
967cbc43,Australia
67373c9d,Germany
3a9963e9,UK
2d841a95,Australia
647d7e1f,Singapore
6728981a,UK
9c17a640,Canada
53df76f4,Canada
de6605d5,Australia
74c7c480,Australia
85c628f0,India
c5a1e762,USA
3eda4c58,USA
89ff2ff1,Canada
918a4789,India
a2f07ba8,Australia
3a478a5e,UK
faafe05b,India
15b5e873,Australia
c09f2d77,Germany
2213103b,USA
08d32336,USA
edfc7dec,Singapore
c203821f,India
997b3f50,Australia
16589213,Germany
ed69d7a0,Australia
fb789539,UK
70a67b9e,Singapore
9b269748,Singapore
4f842250,India
97e2632e,Australia
04318409,Singapore
3822b8b3,USA
4d16cbf8,UK
486ac471,Singapore
655c0afc,India
bb5cf4a3,India
52186fe6,USA
349248b9,USA
e616fbf7,USA
a129dd13,USA
430033d1,USA
1739fa0d,Singapore
f4d46444,India
45e86006,Canada
e9be0cb1,Canada
0125f947,Canada
23e711df,Singapore
6377eace,Australia
d0c6808a,India
429251e4,UK
387543ee,Germany
611f07b5,India
bebd92ff,Germany
f6c2e5a1,Canada
85531bb2,Germany
acf7144e,Canada
f3e36ce3,Singapore
d2522951,Canada
8c9ad053,Australia
e49bbd21,Germany
f7ed4253,UK
80761d7b,USA
221a9af4,India
d492b6d9,UK
86488cc7,Germany
95f62610,India
750418a6,Germany
9f79dd77,Germany
ba9710b5,Germany
0ec44907,India
5132665b,Germany
ae025f67,India
9b715e89,UK
e1c29bb9,India
001ae40d,Germany
f30aa764,India
eed1708f,Singapore
24adcd0d,USA
7509b3c7,USA
33ec4e9b,Canada
b6f51cc8,Germany
55238433,India
f85e08f6,Australia
957d92dd,Canada
45e5b448,Germany
3d834a66,India
6845f31e,USA
f7d8a36d,India
6b3a0e77,India
09b07954,UK
cfda6436,USA
9bc061b4,USA
453e4fd0,India
389887c2,Germany
9e8c74ac,UK
a6324daf,Australia
a587259f,Australia
124627c9,Australia
dc743e0d,India
f422fc68,Australia
a33d1a46,Singapore
69e7e61b,UK
238fba4a,India
07da90ff,Canada
afaf6aa9,India
23e6b564,Canada
fec142e5,Australia
158b7b45,Singapore
99d5de94,USA
955f7594,UK
c0c7dcc8,Canada
a2cfce14,USA
da7bc76a,Australia
abc4d497,Singapore
76a0bc6e,Australia
18ce10b0,India
1332dbc8,Canada
9e576059,India
b4ae2cbf,Australia
22830113,UK
70ece472,UK
148aa401,Singapore
5437e569,USA
892659a7,India
56c5b09e,Australia
fdd35ce2,USA
841dfed4,India
a6868963,Singapore
62577c4e,UK
6dc093d8,Germany
7d08e51f,UK
b11ef3ae,Germany
e4ed1209,India
ac481530,UK
ff45dc2b,Germany
066dce62,UK
67c5fdf4,Germany
4945f220,India
144ac601,USA
a5973501,UK
594531a2,USA
aa273462,Germany
0e3e47af,India
1c87705a,Australia
0aa5caf4,Australia
04d6d800,Canada
a1fef607,USA
bb5d2619,Australia
ebce6cad,USA
f4d7018c,Singapore
a18d5bb4,USA
529c1482,Australia
41b1a40a,Canada
5d5b3af7,Canada
cf860583,Singapore
06c01585,Australia
e3bbe9a3,Germany
93a62d8a,USA
fa1105cb,UK
ee01470d,Singapore
11541d26,USA
6635bec7,Germany
355f934f,Singapore
2498a9ec,India
ddb4486a,Australia
93d032e8,UK
891b68a1,USA
3908e634,Australia
49efd7a0,Singapore
6cd8aca2,Germany
2dd4607e,Canada
ea3feaf3,Australia
e92363ff,Canada
267cacf2,Germany
0599c907,Germany
73aef733,UK
65c000fc,Germany
f65fa62f,Australia
9a297ab5,India
b78454f6,Germany
0d3b08e0,India
0bae38c2,Singapore
50a7e7f0,India
47154b02,Singapore
44b22350,USA
79e6668b,Germany
59417bfd,USA
0f2949c3,Australia
b3353bb8,Canada
762d6bf4,Singapore
be5f7f30,UK
7c19312f,USA
3ce1ce0e,Germany
54a54d00,Germany
e7b928bc,India
c2c6ce62,USA
c0452a94,UK
5d999231,USA
7d7a97d5,India
5a96e989,USA
737023ad,UK
2d1dbbf3,India
dee35fc3,Canada
cd986aff,Singapore
a6e6f97d,Canada
7c55fcf1,USA
586c3197,Australia
b1e0160e,USA
c9d0d662,Australia
18b2a6ae,Canada
85bd0114,Canada
3569a81f,Canada
d8e94022,USA
4ba91354,Canada
47f7f0af,USA
7432f04c,Australia
53449dab,USA
0e7c9f35,UK
e4b9a3e4,Australia
374ece51,UK
dce2214a,India
5bbe6af5,Australia
731ccca0,Singapore
14c9d3be,Australia
68722b9b,Singapore
328d03d8,Singapore
aaf45c40,India
4a81e87c,Canada
d3824307,Singapore
c49a098e,Australia
215a7f76,UK
52cb0816,UK
8ece3add,Australia
dfa87884,Canada
df6c7670,UK
ce4f5068,USA
9a717b4e,UK
e2d9e617,USA
a6a91079,USA
0a6712c8,Germany
85853e07,USA
83d70d13,Australia
8d99e314,Singapore
cd42d714,India
1d0d42ed,UK
e8e2315a,USA
fc8a5cc8,USA
ea60235a,Singapore
4bd289dd,Germany
2928d620,Australia
35f185be,Germany
63458493,USA
7019cdea,USA
58ced1cb,Canada
ce979d6e,Germany
e45dfd34,USA
b080fc6d,USA
45251ee1,UK
4413e887,India
16c8c193,USA
4e664463,Germany
e95af48a,Canada
480c40b5,Australia
1d08f709,Australia
aa95dfa0,UK
8f9d6293,USA
6aa4872f,Singapore
d3f9e528,Germany
b24dec19,Singapore
527b7e45,Germany
90d0871f,USA
4d00dadf,Australia
633b01bf,Germany
2136e170,UK
0049cde2,Germany
3cd036f6,UK
dadef6c9,Germany
9044045e,Germany
ba004604,India
e2887ed0,Germany
66ef6895,USA
1c959928,USA
93074b88,Singapore
1ae291af,USA
1f830c14,Singapore
e9b7da04,USA
c89e560f,USA
a04400d0,Germany
183b54fb,Singapore
0ea1f885,UK
5ce6d140,Australia
065534e3,Australia
e041ced0,Australia
4a680801,Germany
0102cb1f,Australia
4b8a3ce1,USA
9195a0ff,Singapore
b77f7694,India
1cf3407d,UK
781b02f1,UK
d4f497b2,Singapore
8f95228a,India
6365cc96,Germany
f1fd4710,Germany
6798abf1,USA
23e22794,Germany
f7f92b48,Canada
6b417ce5,India
40e362c2,Australia
c9d51371,Australia
a0c0b305,Canada
14fe692a,Singapore
0439fca1,Germany
f145c04d,Germany
14008bb0,India
09b8e30c,Australia
b94ce497,Australia
5c82e80d,Germany
26bc1cc6,Australia
1e2104bf,Germany
c1b668e8,Singapore
e540ae75,Canada
b1f48add,UK
3f331c72,USA
431691b6,Singapore
40b0c467,USA
bea18811,Australia
411a29ef,USA
e21a486c,UK
b501d28d,Germany
8e8b727c,Singapore
eb5366bb,Canada
8837d8da,Singapore
08a6752d,USA
17206a14,India
11ba2467,Germany
cf03c6d8,Singapore
58e6ca04,Singapore
d2933255,India
f41adbe9,USA
caeb735f,Canada
e4ab10c7,Australia
a69ea338,USA
f7c63887,UK
dc0dbfa8,Germany
4098b81b,Singapore
03bbb018,USA
61780cc4,UK
440ae23c,Singapore
ba58bbc8,Singapore
1cf64412,UK
8add7d6b,Germany
e4c9e2e8,Australia
cc5a39bd,Canada
172bd712,India
f3fbacfa,India
069d9e68,UK
2d37b12b,Australia
3f77ce33,India
fc0f137f,UK
7a50730b,Singapore
4941470e,Germany
addb5998,Canada
6d496aca,Australia
145a48bb,Singapore
d960a0a3,UK
91537fcc,India
2a015472,Singapore
6211b620,Australia
178230e0,Singapore
4c628b08,Singapore
cdf7235f,Canada
75d5a2bb,UK
2fcdb2c6,Singapore
f68e5e35,USA
d12bbb22,USA
4c3ee940,India
054dbda0,Germany
d91f5633,Australia
e4cf6aad,Germany
d8e741ba,Germany
064a90e8,Australia
e0682864,Germany
7c00fe48,Canada
ed00aa00,India
df2ac223,India
7dba6d8a,Germany
eb342dbe,Germany
1aa72558,USA
cd9edb10,Australia
54496df2,Germany
1d431cd4,India
3a6c34b5,USA
37be8f06,Singapore
bb77f1c9,UK
7ccb26b8,UK
abb31c38,Germany
fe77fa94,UK
f74f4cb1,Germany
3991123d,Germany
8cf4c24b,Australia
67bc2d14,Canada
c2d31eea,India
90491250,UK
097f2ccb,Singapore
d912b7eb,UK
cc2c2a64,UK
4e781226,UK
2921198f,Singapore
27bb9508,India
5f7e6988,India
2799503e,Australia
8383353b,Australia
a9483365,India
d266a374,Australia
a6d6328d,Germany
65f5b50d,Singapore
a0e96a4e,UK
1be4767d,Germany
24f89561,Germany
f00862a4,Canada
43ed571c,India
d35184fe,India
894270ec,Singapore
fdd0b0b7,USA
994a1cfa,India
ae5bc048,Germany
a6c4e58f,Singapore
678d234e,USA
014b0b14,Germany
b3ea2594,USA
af04c017,India
dfb53be4,Canada
af0d5699,Germany
5d45dd12,Canada
59dd175f,USA
5c528d02,India
07bba05f,UK
63fb3f26,Canada
72ae5a86,Australia
be6c3104,India
ec701be3,Canada
bbb3b5c2,Australia
9663a01a,India
9a4f1e61,USA
f6cad0c5,Australia
2d3fc0c1,Germany
1bcc7d66,USA
9214a7aa,USA
c2ecd5b9,Singapore
4ea030a8,USA
5ddf14d8,India
c266e272,USA
bde0021d,Australia
a80c009d,USA
24c878ae,Canada
7fc67a24,India
400dbaf4,UK
7a0f6041,Canada
f27e1207,India
eae2f779,USA
ff91160c,UK
dce9df30,UK
c92d8776,USA
75e0ba29,India
21d9914c,India
31efc044,USA
36ca8907,USA
1ee3dec3,Canada
53c0836e,Canada
3da3aba7,USA
09642f7b,India
666b1b8b,USA
551167cb,Canada
06d390ac,Germany
a0944d1e,Australia
19eb99df,Germany
ce065ab2,Canada
ff264d6a,Singapore
c2447899,Singapore
2ca25b33,Germany
a1e6b647,USA
ed2e3289,India
c97b3e2d,Germany
008ac58b,Germany
53e1818f,Australia
c0d0e868,India
d4515858,Canada
5f0bbdfb,Germany
dd7cd6f2,India
3bdcafad,UK
847a300e,India
681e2800,Singapore
4d77d1d3,USA
18ceee25,UK
22cc7cea,Canada
3175823b,Singapore
e21f5fd1,UK
3cfe3f1d,UK
cd4393ab,Germany
36056157,Australia
2ece1205,Canada
066a0e2f,Canada
2f1fa8ae,India
b3c4394e,Canada
cd3d2fd4,Australia
18a7315f,India
0d6a5b96,Germany
c0363e36,Australia
4ce205d9,Singapore
63080f53,India
99f588a5,Germany
12a6e549,Singapore
1304dddb,India
5d42a5ff,Australia
5bf29639,Canada
72567069,Australia
e6cbe081,UK
ba25a4d4,India
9e379d53,Germany
c2252a4a,UK
e71a6cd8,USA
4619caa9,Australia
316e72b1,Singapore
0f11e6c8,UK
903af8b1,Germany
e6a28a9a,Germany
ab421cc2,UK
ea94aad2,Canada
f9383d86,Germany
ecaeb17c,Australia
17579278,UK
61dabebb,Singapore
46788479,Germany
69ced3cb,Singapore
966cb7b1,UK
a002abc7,USA
3467a8f9,Germany
77dc4e1e,UK
9ec98fc0,India
c66571e9,India
1cb03de1,UK
f17e39c3,Australia
4c2e1ade,Germany
5790d253,USA
8f9251fe,India
0e594526,Germany
41b3b567,Germany
ddd43296,Canada
9c1af3a0,Australia
af02dfd4,Singapore
e7c1bef5,Singapore
3885e4b0,Australia
92b25a6f,Australia
826d3bd2,USA
4408ba1e,USA
0d83d591,USA
4e493c65,USA
52345814,Germany
de7e833d,Germany
2ffde046,Germany
10ff6293,USA
6281837d,Australia
4f804eec,Singapore
a4918e3a,USA
c29dbb36,Singapore
85817290,UK
794b1ea3,Singapore
189129b3,Germany
e6a4031d,India
575a90ff,Australia
79a5ec12,India
494e205f,Singapore
ffcf6748,USA
824cc911,India
bb2530af,Singapore
60473d61,USA
f9c6383e,Singapore
3dba894a,Canada
e1b8ee3b,India
7970e3a5,Australia
b298d2f9,Germany
6142fb57,Singapore
ccdc4be0,Canada
82732895,Canada
bd3518f0,Canada
0e7ece51,India
c44b9ac7,Singapore
9047f8f2,India
f26ee426,India
4ec1bc01,Australia
e5df4881,USA
8e934ff3,Canada
6b9506f3,USA
040f37d3,India
d13e8e69,Canada
9751079d,Singapore
0b8bde5a,Singapore
1885865d,Germany
29ca507d,UK
f95064b0,Canada
b1b67655,Canada
f8e9efff,Singapore
b306a090,UK
3f30ad0d,Germany
03b2bf85,India
f25423e1,India
7b48c570,Australia
bde07b7e,Germany
188c6595,India
9b6d0db5,Germany
94001b21,Australia
5ecc6de9,UK
2c42e5cd,Australia
d2b333f0,Germany
0eeae089,India
7159f3c4,Canada
a1ac7f49,UK
092a5a44,India
80238ffc,Canada
90733f8f,Canada
b5538ebf,Singapore
01966801,Australia
5081323a,UK
5098abbf,Germany
64775252,Canada
683c3f3b,Canada
7cd4d2c6,UK
e1fa3fe4,Australia
c8be2ec5,Singapore
8b3bf27b,UK
893a6c4a,Germany
9f0cd093,USA
47fc4fce,USA
f5109550,Canada
e4985f97,USA
57c89f75,Germany
29b418a7,UK
0511d865,Singapore
493c00b1,Germany
40f21ce7,Singapore
d3df5089,India
7e60caed,Australia
bf9dc5bd,UK
7b86c8f9,India
31ee86d0,Singapore
276261b1,Canada
ce14a2e7,Germany
b512b747,Australia
3ab536f9,USA
d8661551,Australia
be52378d,Australia
df3c4407,USA
1e0f3878,UK
2f779c7b,India
521da082,Singapore
f88ba5dc,USA
0750df4a,Singapore
fdb03abd,UK
824c4471,USA
91619757,India
e6090c66,Germany
deaef9d5,USA
83e71ba6,Canada
9210ee78,USA
a9d0d978,Germany
076f21ca,Australia
7e34298b,UK
adb5583f,Germany
17136587,India
176bbab8,India
8297a01f,India
b803aace,Australia
1b10748b,Germany
7f8dc9a4,Germany
4ec47a3b,Canada
3c7b4f3a,Australia
c1f52ae7,Germany
b8adfe0b,Germany
15e54ccd,Canada
7b78efe2,Germany
668862c5,Canada
413a34dc,Singapore
78aff56b,UK
bbb101a4,India
6a3d6535,UK
11105ad4,Australia
c3d823f3,Germany
04638a95,Singapore
2f09e4cc,Canada
f062dd23,UK
e8b9a378,Germany
45fc0bf7,Germany
444ac86f,Canada
6e9930aa,Canada
3ddc5a35,Canada
92468cf9,USA
d1d182ee,USA
29d6e060,Singapore
87c73bfd,India
5e4766ea,Australia
080f21f4,Germany
cb34921b,USA
1584b5d6,Canada
22898985,UK
bc2ca5e1,India
ed711917,Australia
e4fddc69,USA
3699f97e,UK
3e5e2082,Australia
a9e2c4f5,UK
30bffc4c,India
6574073f,USA
f676f386,Singapore
2a770607,Australia
134aa3c5,USA
50d575f9,Canada
d1616d3c,India
6f4d3f42,Canada
dcde3dc0,Canada
87c0607b,Germany
e04ffe82,India
81b461c6,Germany
e4259534,UK
ef496fef,USA
fe89cb74,India
72996eda,UK
2d07ff15,USA
449367d1,USA
c34329e8,Germany
7002fcea,Singapore
3949fcb4,UK
d76e19c6,Canada
7aac4193,UK
c79b50d1,India
9e8a1ef9,India
4715f106,India
32a490f4,Australia
b247da3d,USA
438674fe,UK
384b7acb,Germany
77e477c0,Germany
f1ae0592,Australia
21bf6170,Australia
45a1a4c3,Germany
b4d63e07,India
dd8e5c2a,Germany
80c9de66,UK
74903035,Germany
047526b7,India
b611a9a9,Germany
8d680e8e,Australia
5473dd0f,Singapore
2c522119,India
905dca0a,India
b005ff45,India
c93c18ba,Singapore
71323adf,Singapore
4199c751,UK
4e3ab5bd,Australia
53cc320d,USA
2c837e21,Singapore
5b28ef12,Australia
d04a109b,UK
6579b70c,Australia
cf41f109,Singapore
e9390573,India
0a3b0205,Singapore
d6ee8e2b,Australia
5a055948,USA
8e2aee0a,Canada
fe8b4c60,Germany
190628ce,USA
89cb8bb3,Germany
c18f7689,Australia
5f6aef16,UK
f43f409f,Canada
437194ae,Canada
084b0e23,Australia
23b9515e,Canada
7b568388,Australia
4f12428e,Australia
4d48ec1e,USA
511a8887,Australia
9a0fd409,UK
be546b16,Germany
638fb96b,USA
9a28b00f,Australia
47f9d151,Canada
c6e6b5cd,Singapore
8350077d,UK
ef040b5e,Singapore
d13afa90,UK
f2a41f18,USA
c7022532,Germany
885b4e30,Germany
22814487,UK
cd59e65c,India
fbba70e8,Singapore
859f5163,UK
32b7d579,UK
f54c8b25,India
4ad92ea0,India
ce70660d,UK
2b87059b,India
eb44303b,USA
702daf11,Singapore
c9247b05,Singapore
c2897794,Germany
3abcdf53,Germany
417cac60,USA
a33d7b0d,Singapore
c4c69b17,UK
8a289896,USA
08a65189,Germany
14aa33f8,USA
e5964ecd,Germany
7c9639e5,Germany
79b3668d,Germany
602ca4e7,Germany
e0253d12,India
7d177a8a,Canada
8ed54a67,USA
d97962d1,Canada
87d45064,UK
185a8f78,UK
af0b876c,USA
cfbb2cc2,Canada
a71b8ee0,Australia
a718e1c4,Canada
2b8be919,Australia
8e7b2d75,Canada
1d10d5a7,Singapore
27e8fb1c,India
4ce70e71,USA
fb866ac4,India
890e2821,UK
1c33e307,India
6773f774,USA
b5a6fd5f,UK
a44ab318,Germany
1f9e6a6c,USA
ed1abea9,UK
b7c3b707,USA
7e1ddc54,Germany
6720d951,India
d71ca896,USA
e69f4d59,UK
d5d1da0d,India
0bfdb241,Germany
cc2ae85d,UK
2f0e0bd3,Canada
c5e1f66b,Germany
2ae065a3,Australia
ad7a00fe,India
de0683d6,Australia
19c7efc6,Singapore
ce0380de,Australia
5c591a5c,India
4e8a8ff2,USA
d1ee12da,Germany
a6da9898,Germany
fbf88af9,UK
e90aeb07,India
c427ea12,UK
21ee3aaf,Australia
4298c35a,Australia
57408fc1,Singapore
bcbef8e7,Canada
45ceb957,Canada
51f581e6,India
8ef78570,USA
bedc0d23,UK
ac5f51dd,Australia
c33035c7,UK
0d575e3c,Germany
e65b50eb,Australia
6ccc18f0,UK
ba80beba,Germany
32fbc798,UK
45177a4d,Australia
e9fc3b5d,Germany
7fd4a6ba,UK
af1453cd,India
cf22fe3d,USA
1342567a,USA
2803642c,UK
05c5eef6,USA
20797b76,USA
3be3ec37,India
83e7aeff,Singapore
7cfa271c,Canada
a81bc91d,Singapore
d61eceec,Singapore
c1eba76b,India
3e3ea054,Canada
ccc156ec,USA
c51dd6f8,UK
cc7c3a16,UK
e5a8c4fa,Canada
edf95866,Germany
79f46476,Australia
f574b742,Germany
4ceafc78,UK
391837b0,India
6f8d54a0,India
e6ef2c9f,Germany
10c04728,India
a187e667,Australia
d318e21f,Germany
b0d2c85d,UK
9cba4ba8,Canada
8e5d22f7,Singapore
2d70ea63,India
78bab0ba,Australia
a80a973c,USA
4082e1e2,UK
bcce1ab1,Germany
ced2cd43,Canada
64c3131e,Australia
a5466420,UK
6c6bc323,USA
bf139e58,India
7538d8e4,USA
78bc03e4,USA
367bd243,India
85fce914,Singapore
1a25ef8b,Germany
74d4448b,Germany
4ff0d6a8,Singapore
2d642d1e,India
c38f4fcf,Australia
31207659,Germany
175607aa,UK
172f1fe0,Singapore
ff612d9d,Singapore
0b44393a,Australia
16cf536e,Canada
5fbd3fd3,Canada
6b8e78c6,UK
b17be372,Canada
1c5a1b59,USA
6cf8be42,UK
8ab3d142,Canada
a316376d,Singapore
3772bd8a,UK
aa9878a5,Canada
af627d91,India
3522f888,USA
19dd37b0,Canada
15212d1e,India
48b15e02,USA
1d750630,India
894dcab4,India
b4a3b6c6,UK
0142a38f,UK
dc69c849,Singapore
e57349d9,Canada
937e8781,UK
74f2811d,Singapore
053df1ac,Germany
1e9fc577,Germany
9536cbf4,Singapore
05e6557c,Australia
ce5bc729,Canada
00b7ec0b,Singapore
f85f1b34,Germany
369f273e,Canada
05c75f8e,Singapore
0bca6ec2,UK
ab869893,Germany
bb2f1a1e,Canada
049740b6,UK
86861afb,Germany
6ce1b4c8,Australia
9a4c4cd0,UK
e724bac8,UK
acda7306,UK
406c736d,Australia
d057cfbd,Australia
133c8a19,Australia
3f66002c,USA
d6a11b96,Australia
6d15082c,Australia
a9f98de1,UK
40abc61a,Canada
7f143b66,Singapore
9643cc38,Singapore
706acfe1,India
b3733852,Germany
84cc22ee,USA
7000b247,Canada
50bd549d,India
9e3a9089,India
7ff3fdbe,UK
40b01a0f,India
ed460c68,Singapore
d9345bed,Singapore
3567c84b,USA
109dbd80,Singapore
562cdfd2,Germany
6d18ec79,Canada
8fe51ba5,Singapore
37a64a6f,USA
edf788be,Germany
1dc9d0b0,UK
7fad2b34,Singapore
6bb04308,USA
d9c0aa17,UK
2a658d86,Germany
244380ac,Canada
8e61c4d7,Germany
e93602da,UK
6c7ff37f,Australia
eb4735e3,Australia
00390cf5,India
bae0de07,USA
85b74171,UK
c1ffe1f3,UK
14841db0,UK
3495e6fe,Canada
9ad51b37,UK
7384392e,Germany
a3b19153,Singapore
c894b2e1,India
6f819f07,Singapore
e2130e66,Canada
63ba81b8,Canada
82abf471,India
e7eab712,Canada
6c67da1a,Singapore
bdddfd8f,Canada
16ed50f6,Singapore
b9054add,USA
bc601032,UK
313c6da5,Australia
515c7dbf,Germany
77df82ca,UK
dd3554fc,Germany
5922b060,India
28248fbd,USA
dff5463c,India
f12658a2,Germany
133c23df,Australia
eb962cf1,India
a506f7bf,India
dca155eb,Australia
3d77ab6d,UK
bd612ab6,UK
baf84657,Germany
e608beb8,USA
1a9a7605,Singapore
bf437b87,Canada
f9b3c134,Germany
98e3cfed,USA
c094a6b0,UK
c904130b,UK
bae27fb2,India
02ac79ab,Germany
b46c76f9,UK
86aa1cad,Canada
2a59f763,India
c2a32605,India
be409e17,Australia
1b011b03,India
fe0b3a08,Canada
4012628e,Germany
59d6802d,USA
e513db7b,India
c2dbb365,India
9cc5fbec,Canada
933b28fe,Canada
b20c44f3,Canada
d0756e35,USA
f79b5065,Australia
cf4ecbd8,Germany
5c5fea0a,India
cf052449,Australia
1c56848e,Canada
679f822e,Singapore
170d8114,Australia
1d800681,Germany
36f1d6a4,UK
a29c7520,Germany
27a4d0b6,USA
aba9b6cd,Australia
45990e99,Australia
51b8659f,Singapore
d4aea824,USA
ac876e50,Canada
d9d623b5,UK
a3c23e44,Australia
b9d3f539,India
ea39eefb,Singapore
692bf856,Singapore
7bd56994,Australia
fa092e4b,USA
83fbff44,Germany
7381e0d0,USA
a670093e,Singapore
1e362183,UK
8cef3e84,Canada
83cbac12,UK
dce5dd34,UK
017b4433,Canada
e3949f2a,Australia
87114b66,USA
dcefc553,UK
2854d5ba,Australia
2f4b4df8,Germany
178fed2d,Germany
5c010a41,Canada
3baef1f8,UK
ce962901,Canada
7a030df0,UK
668d21ec,Canada
9ec32d45,Germany
b9ffab11,Germany
9b57819e,Singapore
d1fbf9ea,India
d5498008,USA
1e77e045,UK
469d4f94,UK
e52c19c1,UK
48a6965d,Canada
84cf2969,Canada
b4ecbe57,Australia
1a7c338d,Canada
fabf88c3,India
744533ab,UK
6206893b,Germany
df836a74,Singapore
60df4c06,Singapore
fda13bbd,Canada
04c82cbe,Germany
46691b96,Germany
6b4027e1,Singapore
938ea3dc,UK
e7b3665a,Canada
5740a88b,Canada
07e93a67,Singapore
8b962cd8,UK
b8b790ba,India
d43d0f46,Australia
def9391b,USA
108549a1,UK
46b85373,UK
aca166ff,UK
e10e5ae0,Singapore
10dd7b6a,India
b688c922,Germany
4340e57f,Australia
3cbdfed3,Canada
dcb8e001,India
4b218561,India
aabe4748,Germany
6ac4f758,UK
51333644,UK
7ce34b86,India
4b3462c8,UK
84c8da13,Singapore
4ab2d973,Canada
d20acbb2,Australia
d22e24ba,Canada
ad75dbc6,UK
5e1614df,Germany
91932784,Singapore
bbb99958,India
0a1152f5,Singapore
33988d4a,Singapore
e37ad791,Australia
0741d501,Germany
47985b63,Germany
8c2d1a9b,Singapore
cea988f2,Germany
8dcab187,UK
f57cdfc5,Singapore
25f82afb,Singapore
bfc7a09a,Canada
dfb9395f,Australia
c9e3855e,USA
dd6f3a7f,UK
6aefe8f1,Singapore
0a8206f2,Australia
a23d00ad,USA
5f80fc1b,Canada
32a6d6c8,Germany
fe3cdb6b,India
32e20e76,Australia
059a7bab,Singapore
af09b01d,Germany
0c24ecf3,Germany
7b93fe5f,Canada
2c3e4736,Canada
7c18315f,Canada
96795135,Australia
42121dbe,Canada
1f28730f,USA
409daa69,UK
08b2f5ea,USA
f5c89ec0,USA
f6e401ef,Canada
ce00318c,Singapore
a6c95d7b,Singapore
2c0885e0,Singapore
276c64b5,Canada
042f7bf4,India
4247e6a0,Australia
ef2f2796,India
da4f8e3e,India
1e93ade3,Canada
46b8e9cc,Australia
23c2d847,Canada
8febe2bc,USA
b6c3219c,Singapore
e54feec5,Australia
0eab45b5,Australia
7a1fcf47,Germany
09e59ae1,Singapore
2097921f,Germany
cc24c3da,USA
b07db0f3,UK
127d2dcd,Australia
07d9828a,Singapore
0195ea56,India
70c9df00,Singapore
394508f2,Australia
1dac4ff2,Australia
b005a380,UK
635563e5,India
d655a92b,Australia
188cb370,Australia
1d8925f0,Canada
d1481060,USA
976b6ed4,Australia
f6460f4c,Singapore
68344bf3,UK
762d13eb,UK
1aad44bb,India
e372861d,Australia
e7346b49,UK
36fdc5a6,India
9ed4fdbc,USA
a6cc16ab,India
10b6a453,Germany
ec61371d,Germany
60dd4207,Canada
60c95485,UK
e7975539,USA
89bceeb7,USA
205a7efe,USA
ae6caf94,UK
46bfad22,UK
76a2a7e9,Germany
51a1d498,India
13ea1730,Australia
3a07a85f,Canada
42e37951,Canada
aee2eea3,Germany
08602a9c,UK
0fe10855,Australia
03e10273,Germany
14033a78,UK
e6d67df5,USA
5c5c3e7d,USA
5bac2533,UK
76a73fcb,UK
09c475c9,USA
042ebd5a,Canada
a9501881,Germany
4566a916,Singapore
f8c40b69,Canada
d7f9020a,USA
b86a1a14,USA
4f4e3013,Australia
5f51da20,Australia
075fc126,UK
7c055a85,USA
3f6b72a8,Australia
b1d7cceb,USA
cfd46626,Singapore
d6374469,Canada
5f478ba7,Singapore
3e84f488,India
79398983,Australia
e23fb2d5,USA
0bd68fc8,Singapore
9077d76e,Germany
fafe9fea,Australia
3598a6ef,USA
78674cde,Australia
d48477b3,Australia
33a45bd6,UK
2da6d115,Australia
d9a17f42,UK
4fd7dd5f,Singapore
2cd8b0cf,Singapore
03905f28,Australia
d1268d51,India
748316cb,UK
b4740a01,Canada
f3ee36a5,USA
b5518394,UK
18e92cc0,Singapore
9e9f2f6e,UK
27299b68,Australia
c9964d37,UK
b1cbe03e,UK
20a55aba,UK
3d66faf7,Singapore
12ae16a2,Germany
84ee1b6b,Canada
7b6ea10a,India
c4367af6,Australia
f6e5f5b6,Singapore
016c1e77,Singapore
7d05e2f6,Singapore
73d0692f,Canada
cacbbe34,Australia
b98e327e,Germany
66daf218,USA
d3c564b9,Canada
38a1a724,Singapore
5a3d3299,Germany
8d7f8c49,Singapore
43666819,USA
93db7ef7,Singapore
e8a5a7d6,Australia
fde47685,UK
d259d921,Australia
b1ee9973,USA
cf1e2208,USA
c88d310c,UK
26a29655,Australia
46b58d00,Singapore
012f36dd,USA
f2df6fa0,India
7b2c75fc,India
d79e7736,Canada
2ad94b3d,UK
ef5bf3b6,Canada
15de560d,Germany
7b940b3b,Germany
16dc2dab,Canada
03dcfbb3,Germany
e47754a9,Singapore
074c931e,USA
9ecfeca6,Canada
ae345248,UK
f6882c89,Germany
3502c114,Canada
be689e12,India
45a007f7,India
3cab368a,Germany
b7dc85d0,Singapore
909ddd04,India
e8285de5,Germany
96f8bb90,USA
a1a7c1e9,Canada
148a6381,USA
9b9e991f,Australia
a3be818d,USA
5bf80274,Germany
13a9654a,UK
8b1beff4,Singapore
05ddf6b9,Canada
409bdf76,Singapore
2fb404f4,Canada
9514a796,India
c79eeec5,USA
797b1952,UK
ce0d70d2,India
62a96dcf,Germany
012757e3,Canada
90c225c7,Australia
7760f082,USA
c8d6d2c6,India
d726fd8b,Germany
31cc9c2c,UK
03b923e5,UK
54514b05,Singapore
5c28156c,India
22f0569f,Australia
50e8f967,Germany
3cb0b368,Australia
d41c2ce4,India
1744051f,India
6a689dac,USA
388acc9a,UK
00d5f96c,USA
dd89f628,Australia
1b863eb3,Germany
dc708102,Singapore
57db9bf5,Canada
8199bac3,Australia
d23c9a23,Singapore
310c7ad6,Canada
0d1478d4,USA
29603095,Singapore
deb7df38,USA
56606aa9,USA
18283fe9,Singapore
5a3a8a84,Australia
ea6fd1f7,India
9fe458f7,India
ffda47ed,India
280e0662,Australia
0a1247ac,Canada
f1345c3d,USA
cd40736d,USA
5cfc1b16,UK
a2340b74,Singapore
8939cf34,India
a70e28bf,Canada
dcd66030,Australia
91bbc996,Singapore
ed1329e5,India
78ba8e2a,UK
79a7f671,UK
00e52bfe,UK
35227ad8,UK
67b4bb5b,UK
be6086f7,Canada
19d43000,Canada
a5b9d3d5,Australia
4b1faad3,Germany
af4a1e47,Singapore
023a0824,Australia
f716d5ff,Singapore
7a4dacb1,USA
b4b2dce1,USA
4125319c,Australia
80f26166,Australia
0b18eb06,Germany
c3f8a8e7,India
604ceef7,USA
d60f1a32,Germany
27974553,Singapore
244e736c,Singapore
c9984620,UK
da7c3445,India
f027621a,Australia
a771dc00,Australia
d37b25da,Germany
44855e31,Singapore
d48d9f1f,USA
2157ff60,USA
4459da09,Germany
e0960b4d,UK
17542880,India
5f9b4c27,USA
df5ea820,Singapore
4c81ef62,Canada
91879a7c,Singapore
97f8db88,USA
7bd0348c,UK
dc0b7ad8,India
903c2a1e,Australia
971538a1,UK
f6c5b1e3,UK
5cb4b14a,Canada
5f4c9a63,Germany
da638daf,Germany
d0efc96c,Canada
49d60975,Canada
adf25ccc,Singapore
701e2225,Australia
ff1aec5a,Singapore
2d03157c,India
7faf145b,Germany
a33bd4fb,Australia
ba01f031,Germany
67526a73,USA
b8eb1581,Singapore
cc9a4a59,UK
10a9dfd0,Singapore
d05887e3,UK
35190f96,UK
7936042d,Canada
234be188,Australia
e88f788c,Germany
10801644,Australia
d80ad3eb,USA
8921b076,USA
d94f7995,Germany
9af56311,Canada
fed09ac7,India
bd91326f,UK
1711938b,Germany
4f561f14,Germany
863700b9,Singapore
9792cfef,Germany
09082595,Australia
d0415285,UK
c8d33b31,UK
efe70bb7,USA
97f73aeb,Canada
078124d1,USA
bcadd0b0,India
7cfdff7f,Singapore
39065b8b,UK
b446a986,Germany
4c48c374,UK
aa0830de,USA
a9eaf38a,Singapore
16dc86bb,USA
7cfe5175,Germany
0d128e62,Singapore
215d2ce2,India
50793953,Singapore
4905b683,Singapore
9bef891d,Australia
e703a85c,Australia
edaea13b,Germany
bec57e40,UK
e51f7ec4,UK
a6e87160,USA
02e15abd,Canada
6b2ce843,USA
5c426b3f,Canada
a4f838a3,India
c02205a7,Singapore
f7d947da,Germany
dce09756,UK
15bbabf3,Germany
a73c44c3,Singapore
fffca9db,UK
d040767a,Canada
dcec950f,Canada
11a0b7bc,India
17cca69e,UK
8eebaad5,Canada
3e4bac03,Australia
f2c1aeec,USA
02548f78,Germany
4bd454f2,India
3199bdec,Germany
1f4fbea8,UK
17ea7752,UK
42139082,UK
23eb2059,USA
e2b06600,India
44e06509,UK
09525f3e,Germany
b045adae,Germany
39534104,Germany
6c0ef9f4,India
34f377cd,Canada
e4503649,Australia
9c92e75f,Germany
c8ca95d2,Canada
3474bf64,USA
daa878b0,Australia
03fa1b88,Singapore
c167a9ff,Canada
bd34d0a3,Germany
0fd2f768,Australia
501af596,USA
f92df21e,India
72f040c8,Canada
5f990d55,Australia
5e123a81,UK
4c90253a,Australia
a418bd67,USA
828a1016,India
bed6a723,Australia
1097aa00,UK
d290ed45,UK
72e7de49,USA
dde45136,Singapore
dc061c43,USA
15375b7a,Canada
18729857,UK
57cf5b46,Singapore
c10237e3,USA
11ca9164,Canada
ec1b92c2,UK
aa5ed28b,Germany
c4b18ff3,USA
a6021b76,USA
be71f7a5,USA
fb538ced,Australia
4d1a715f,UK
c30630f7,USA
b08c75b4,Australia
67cc6644,Canada
27016f42,Singapore
d2d4b9b3,USA
cb79a803,Germany
c5eb383c,Canada
e7ba49df,Germany
8a72634d,India
d8537c7d,UK
755d7fe9,UK
73b0732b,India
f8cd3c03,USA
0888b113,Germany
5e8e658d,Canada
54caabdb,Australia
9049f512,USA
bbb92935,UK
421a5df2,UK
0304a5d8,Singapore
4350a1b5,Germany
ae1e6f3f,UK
323b46c6,Australia
d9d6eb5d,Singapore
a59c3e17,Singapore
310ecc50,India
fd42a231,Australia
957ba512,USA
cf39e3b6,Germany
3fe0d733,Singapore
5bc9bcc6,Australia
59e8d716,Singapore
f144573f,Australia
d0cca08b,India
46de6e12,UK
cb976f6f,Germany
6852256e,India
d9b6aafd,USA
a7bf5d50,UK
cdb8c480,USA
2726ae9c,Singapore
14974d49,India
20af9383,Singapore
ff0620fc,Singapore
097e0691,Singapore
c752d202,UK
03a8069a,Canada
ad0e6c75,UK
45b689eb,Canada
6e6f14b4,USA
f19d241b,Canada
6967f624,UK
e57a5769,Australia
b18caa07,Australia
bc1fe366,USA
027fe2aa,India
e7a1a25e,Singapore
f5621bfe,UK
aa5fcb35,Germany
e5d18746,Australia
6a0bf80b,Australia
1d3b4cbd,Canada
84b342df,UK
86289c63,UK
2a202e20,Germany
9f470f3a,USA
3123e3f0,Germany
a5b943ac,Australia
0a3ca68a,USA
939d3a3b,Singapore
32c80a92,Germany
ebe00762,Canada
61516c8d,Germany
a4882f62,USA
93ce878c,India
140e089c,UK
137307da,UK
372fa176,Germany
fbfdfbb1,Singapore
819d4337,India
7d3d5bce,Canada
ef2a5e35,India
d646700c,Canada
6bcd9d7f,USA
9622a93e,Canada
1c587631,Canada
bc3c0bbe,Germany
64f39542,Singapore
02ea58e6,Australia
1bc373ee,UK
2a815054,Canada
90a64934,Canada
6644ad14,USA
925dcde3,Singapore
88e7a084,Germany
a23cc45d,Germany
56813cff,UK
b2977fc7,India
3d080554,Australia
2a1d2b27,Australia
fef3b4d7,UK
3bea58ee,Canada
90bad297,Singapore
01365196,Australia
ef9fbda4,Germany
12ada465,USA
67475da1,Canada
db89ad76,UK
d80cb54a,Australia
7764e9c8,USA
635a5c98,USA
b6d93334,USA
703cf4c4,UK
b8e96ec5,Singapore
d5d8192a,USA
d49c1938,USA
4674ffc8,India
c94b1a1a,Canada
ae262d85,Australia
e9ad7995,Germany
efcf43d8,Canada
bbf18e01,Canada
4fa93089,USA
4e69c8b2,USA
59b1a413,Germany
860101ea,Canada
fcdfd494,USA
67abda0a,USA
34ebc1a0,Singapore
1defd3b1,USA
0611293d,Singapore
e73ad07c,India
